{
  "dummy baseline": {
    "accuracy": 0.605,
    "precision": 0.2807017543859649,
    "recall": 0.2962962962962963,
    "f1": 0.2882882882882883,
    "roc_auc": 0.5077371892440385,
    "average_precision": 0.2731708901884341,
    "mse": 3985.4804265625003,
    "rsme": 63.13066154066897,
    "mae": 48.860812499999994,
    "r2": -0.004073869681215703
  },
  "unchanged features": {
    "accuracy": 0.755,
    "precision": 0.631578947368421,
    "recall": 0.2222222222222222,
    "f1": 0.3287671232876712,
    "roc_auc": 0.6576610857432775,
    "average_precision": 0.4800422891249801,
    "mse": 891.2469793331112,
    "rsme": 29.85375988603632,
    "mae": 21.628652010429445,
    "r2": 0.7754655129111928
  },
  "without high corr": {
    "accuracy": 0.75,
    "precision": 0.6428571428571429,
    "recall": 0.16666666666666666,
    "f1": 0.2647058823529412,
    "roc_auc": 0.6516996448503298,
    "average_precision": 0.4642060598810879,
    "mse": 718.1553281177048,
    "rsme": 26.798420254143803,
    "mae": 19.717306056884095,
    "r2": 0.8190730044665497
  },
  "balanced classes": {
    "accuracy": 0.595,
    "precision": 0.36363636363636365,
    "recall": 0.6666666666666666,
    "f1": 0.47058823529411764,
    "roc_auc": 0.6591831557584983,
    "average_precision": 0.46357622346657734,
    "mse": 718.1553281177048,
    "rsme": 26.798420254143803,
    "mae": 19.717306056884095,
    "r2": 0.8190730044665497
  },
  "balanced classes, fixed features": {
    "accuracy": 0.62,
    "precision": 0.3804347826086957,
    "recall": 0.6481481481481481,
    "f1": 0.4794520547945205,
    "roc_auc": 0.6562658548959919,
    "average_precision": 0.4580656995029237,
    "mse": 718.1553281177048,
    "rsme": 26.798420254143803,
    "mae": 19.717306056884095,
    "r2": 0.8190730044665497
  }
}