{
  "accuracy": 0.455,
  "precision": 0.31788079470198677,
  "recall": 0.8888888888888888,
  "f1": 0.4682926829268293,
  "roc_auc": 0.6562658548959919,
  "average_precision": 0.4580656995029237,
  "mse": 716.98,
  "rsme": 26.776482218543944,
  "mae": 19.72,
  "r2": 0.81936910835491
}