{
  "threshold=0.05": {
    "accuracy": 0.28,
    "precision": 0.2727272727272727,
    "recall": 1.0,
    "f1": 0.42857142857142855
  },
  "threshold=0.10": {
    "accuracy": 0.28,
    "precision": 0.2727272727272727,
    "recall": 1.0,
    "f1": 0.42857142857142855
  },
  "threshold=0.15": {
    "accuracy": 0.275,
    "precision": 0.26903553299492383,
    "recall": 0.9814814814814815,
    "f1": 0.42231075697211157
  },
  "threshold=0.20": {
    "accuracy": 0.275,
    "precision": 0.26903553299492383,
    "recall": 0.9814814814814815,
    "f1": 0.42231075697211157
  },
  "threshold=0.25": {
    "accuracy": 0.3,
    "precision": 0.2760416666666667,
    "recall": 0.9814814814814815,
    "f1": 0.43089430894308944
  },
  "threshold=0.30": {
    "accuracy": 0.35,
    "precision": 0.28651685393258425,
    "recall": 0.9444444444444444,
    "f1": 0.4396551724137931
  },
  "threshold=0.35": {
    "accuracy": 0.375,
    "precision": 0.29239766081871343,
    "recall": 0.9259259259259259,
    "f1": 0.4444444444444444
  },
  "threshold=0.40": {
    "accuracy": 0.455,
    "precision": 0.31788079470198677,
    "recall": 0.8888888888888888,
    "f1": 0.4682926829268293
  },
  "threshold=0.45": {
    "accuracy": 0.53,
    "precision": 0.3333333333333333,
    "recall": 0.7407407407407407,
    "f1": 0.45977011494252873
  },
  "threshold=0.50": {
    "accuracy": 0.62,
    "precision": 0.3804347826086957,
    "recall": 0.6481481481481481,
    "f1": 0.4794520547945205
  },
  "threshold=0.55": {
    "accuracy": 0.675,
    "precision": 0.4098360655737705,
    "recall": 0.46296296296296297,
    "f1": 0.43478260869565216
  },
  "threshold=0.60": {
    "accuracy": 0.71,
    "precision": 0.4411764705882353,
    "recall": 0.2777777777777778,
    "f1": 0.3409090909090909
  },
  "threshold=0.65": {
    "accuracy": 0.73,
    "precision": 0.5,
    "recall": 0.2037037037037037,
    "f1": 0.2894736842105263
  }
}